{
  "policies": {
    "DisablePocket": true,
    "DisableSystemAddonUpdate": true,
    "DontCheckDefaultBrowser": true,
    "NoDefaultBookmarks": true,
    "OfferToSaveLogins": true,
    "Homepage": {"URL": "https://duckduckgo.com/html","Locked": true,"StartPage": "homepage"},
    "OverrideFirstRunPage": "",
    "Preferences": {
      "datareporting.policy.dataSubmissionPolicyBypassNotification": true,
      "browser.cache.disk.enable": false
    },
    "Permissions": {"Notifications": {"BlockNewRequests": true}},
    "SearchEngines": {"Default": "DuckDuckGo"},
    "SearchBar": "separate",
    "ExtensionSettings": {
      "*": {
        "blocked_install_message": "Custom error message.",
        "install_sources": ["about:addons","https://addons.mozilla.org/"],
        "installation_mode": "blocked",
        "allowed_types": ["extension"]
      },
      "uBlock0@raymondhill.net": {
        "installation_mode": "force_installed",
        "install_url": "https://addons.mozilla.org/firefox/downloads/latest/ublock-origin/latest.xpi"
      },
      "https-everywhere@eff.org": {
        "installation_mode": "allowed"
      }
    }
  }
}

